<?xml version="1.0" encoding="UTF-8"?>
<project-private xmlns="http://www.netbeans.org/ns/project-private/1">
    <editor-bookmarks xmlns="http://www.netbeans.org/ns/editor-bookmarks/2" lastBookmarkId="0"/>
    <open-files xmlns="http://www.netbeans.org/ns/projectui-open-files/2">
        <group>
            <file>file:/C:/Users/lucas/OneDrive/Documents/PIJogosEducacionais/RecriaJogos/classes/SubUsuariosVO.php</file>
            <file>file:/C:/Users/lucas/OneDrive/Documents/PIJogosEducacionais/RecriaJogos/perfiljogo.php</file>
            <file>file:/C:/Users/lucas/OneDrive/Documents/PIJogosEducacionais/RecriaJogos/classes/UsuariosDAO.php</file>
            <file>file:/C:/Users/lucas/OneDrive/Documents/PIJogosEducacionais/RecriaJogos/Contagem.php</file>
            <file>file:/C:/Users/lucas/OneDrive/Documents/PIJogosEducacionais/RecriaJogos/index.php</file>
            <file>file:/C:/Users/lucas/OneDrive/Documents/PIJogosEducacionais/RecriaJogos/alteraPerfil.php</file>
            <file>file:/C:/Users/lucas/OneDrive/Documents/PIJogosEducacionais/RecriaJogos/classes/SubUsuariosDAO.php</file>
            <file>file:/C:/Users/lucas/OneDrive/Documents/PIJogosEducacionais/RecriaJogos/classes/UsuariosVO.php</file>
        </group>
    </open-files>
</project-private>
