<manifest alg="2" build="2015.0.0.309" opt="false" iceEnabled="true" iceMarkupVersion="2" exportTarget="other" domain="admin.com.br" resolutions="1x" timestamp="1478141123211">
  <folder name="css">
    <file name="site_global.css" crc="4052507572"/>
    <file name="index.css" crc="4211448907" ref="index"/>
    <file name="formcadastrapersonagens.css" crc="47505222" ref="formcadastrapersonagens"/>
    <file name="compras.css" crc="194558659" ref="compras"/>
    <file name="personagens.css" crc="4276781154" ref="personagens"/>
    <file name="formcadastrajogos.css" crc="505129300" ref="formcadastrajogos"/>
    <file name="sobre-n_s.css" crc="378650663" ref="sobre-nós"/>
    <file name="usu_rios.css" crc="3765876944" ref="usuários"/>
    <file name="novidades.css" crc="433219431" ref="novidades"/>
    <file name="formcadastranovidades.css" crc="3812456097" ref="formcadastranovidades"/>
    <file name="formcadastracompras.css" crc="3982456708" ref="formcadastracompras"/>
    <file name="jogos.css" crc="160012048" ref="jogos"/>
  </folder>
  <folder name="scripts">
    <file name="jquery-1.8.3.min.js" crc="4255413929" ref="novidades:index:formcadastranovidades:formcadastrajogos:jogos:sobre-nós:formcadastrapersonagens:compras:formcadastracompras:personagens:usuários"/>
    <file name="museutils.js" crc="183364071" ref="novidades:index:formcadastranovidades:formcadastrajogos:jogos:sobre-nós:formcadastrapersonagens:compras:formcadastracompras:personagens:usuários"/>
    <file name="jquery.musepolyfill.bgsize.js" crc="4004268962" ref="novidades:index:formcadastranovidades:formcadastrajogos:jogos:sobre-nós:formcadastrapersonagens:compras:formcadastracompras:personagens:usuários"/>
    <file name="jquery.musemenu.js" crc="3957776250" ref="novidades:index:formcadastranovidades:formcadastrajogos:jogos:sobre-nós:formcadastrapersonagens:compras:formcadastracompras:personagens:usuários"/>
    <file name="pie.js" crc="3827607177" ref="novidades:formcadastranovidades:formcadastrajogos:jogos:sobre-nós:formcadastrapersonagens:compras:formcadastracompras:personagens:usuários"/>
    <file name="jquery.scrolleffects.js" crc="3860644955" ref="novidades:index:formcadastranovidades:formcadastrajogos:jogos:sobre-nós:formcadastrapersonagens:compras:formcadastracompras:personagens:usuários"/>
    <file name="jquery.watch.js" crc="71412426" ref="novidades:index:formcadastranovidades:formcadastrajogos:jogos:sobre-nós:formcadastrapersonagens:compras:formcadastracompras:personagens:usuários"/>
    <file name="html5shiv.js" crc="4241844378" ref="novidades:index:formcadastranovidades:formcadastrajogos:jogos:sobre-nós:formcadastrapersonagens:compras:formcadastracompras:personagens:usuários"/>
    <file name="webpro.js" crc="3803554875" ref="formcadastranovidades:formcadastrajogos:sobre-nós:formcadastrapersonagens:formcadastracompras"/>
    <file name="form_check.php" crc="277267350" ref="formcadastranovidades:formcadastrajogos:sobre-nós:formcadastrapersonagens:formcadastracompras"/>
    <file name="form_throttle.php" crc="3908387251" ref="formcadastranovidades:formcadastrajogos:sobre-nós:formcadastrapersonagens:formcadastracompras"/>
    <file name="form_process.php" crc="24249335" ref="formcadastranovidades:formcadastrajogos:sobre-nós:formcadastrapersonagens:formcadastracompras"/>
    <file name="form-u9067.php" crc="4015976231" ref="formcadastranovidades"/>
    <file name="form-u9215.php" crc="3840566389" ref="formcadastrajogos"/>
    <file name="form-u9824.php" crc="115673485" ref="sobre-nós"/>
    <file name="form-u10289.php" crc="293286842" ref="formcadastrapersonagens"/>
    <file name="form-u10558.php" crc="235174956" ref="formcadastracompras"/>
  </folder>
  <folder name="images">
    <file name="papel-reciclado-banana-perola.jpg" crc="322750176" ref="novidades:index:formcadastranovidades:formcadastrajogos:jogos:sobre-nós:formcadastrapersonagens:compras:formcadastracompras:personagens:usuários"/>
    <file name="paper10-u7992.png" crc="3862738152" ref="novidades"/>
    <file name="blank.gif" crc="4208392903" ref="novidades:index:formcadastranovidades:formcadastrajogos:jogos:sobre-nós:formcadastrapersonagens:compras:formcadastracompras:personagens:usuários"/>
    <file name="u8780.png" crc="509067015" ref="novidades"/>
    <file name="u8780-a.png" crc="509067015" ref="novidades"/>
    <file name="u12026.png" crc="124296063" ref="novidades"/>
    <file name="u12026-a.png" crc="124296063" ref="novidades"/>
    <file name="u8134-4-a.png" crc="4043155902" ref="novidades"/>
    <file name="u11059.png" crc="4193016315" ref="novidades"/>
    <file name="u11059-a.png" crc="4193016315" ref="novidades"/>
    <file name="u11401.png" crc="8174169" ref="novidades"/>
    <file name="u11401-a.png" crc="8174169" ref="novidades"/>
    <file name="u10904.png" crc="4014744042" ref="novidades"/>
    <file name="u10904-a.png" crc="4014744042" ref="novidades"/>
    <file name="u11133.png" crc="4152465733" ref="novidades"/>
    <file name="u11133-a.png" crc="4152465733" ref="novidades"/>
    <file name="logo mais novo que tudo23.png" crc="4012094724" seo="true" ref="novidades:index:formcadastranovidades:formcadastrajogos:jogos:sobre-nós:formcadastrapersonagens:compras:personagens:usuários"/>
    <file name="caderno-u7998.png" crc="169269503" ref="novidades"/>
    <file name="u8019-5.png" crc="102288668" ref="novidades"/>
    <file name="pencil-23648_960_720-u8000.png" crc="4166071693" ref="novidades"/>
    <file name="bagulho1-u7996.png" crc="4117453943" ref="novidades"/>
    <file name="u7989-5.png" crc="177524485" ref="novidades"/>
    <file name="p993518-u7994.png" crc="349082460" ref="novidades"/>
    <file name="paper10-u7990.png" crc="4126144712" ref="novidades"/>
    <file name="paper10-u8652.png" crc="4233365708" ref="index"/>
    <file name="u8831-4-a.png" crc="509067015" ref="index"/>
    <file name="u12048.png" crc="124296063" ref="index"/>
    <file name="u12048-a.png" crc="124296063" ref="index"/>
    <file name="u8661.png" crc="4043155902" ref="index"/>
    <file name="u8661-a.png" crc="4043155902" ref="index"/>
    <file name="u11052.png" crc="4193016315" ref="index"/>
    <file name="u11052-a.png" crc="4193016315" ref="index"/>
    <file name="u11368.png" crc="8174169" ref="index"/>
    <file name="u11368-a.png" crc="8174169" ref="index"/>
    <file name="u10897.png" crc="4014744042" ref="index"/>
    <file name="u10897-a.png" crc="4014744042" ref="index"/>
    <file name="u11123.png" crc="4152465733" ref="index"/>
    <file name="u11123-a.png" crc="4152465733" ref="index"/>
    <file name="paper10-u8706.png" crc="4126144712" ref="index"/>
    <file name="paper10-u8875.png" crc="255763251" ref="formcadastranovidades"/>
    <file name="u8922.png" crc="509067015" ref="formcadastranovidades"/>
    <file name="u8922-a.png" crc="509067015" ref="formcadastranovidades"/>
    <file name="u12013.png" crc="124296063" ref="formcadastranovidades"/>
    <file name="u12013-a.png" crc="124296063" ref="formcadastranovidades"/>
    <file name="u8884.png" crc="4043155902" ref="formcadastranovidades"/>
    <file name="u8884-a.png" crc="4043155902" ref="formcadastranovidades"/>
    <file name="u11024.png" crc="4193016315" ref="formcadastranovidades"/>
    <file name="u11024-a.png" crc="4193016315" ref="formcadastranovidades"/>
    <file name="u11376.png" crc="8174169" ref="formcadastranovidades"/>
    <file name="u11376-a.png" crc="8174169" ref="formcadastranovidades"/>
    <file name="u10869.png" crc="4014744042" ref="formcadastranovidades"/>
    <file name="u10869-a.png" crc="4014744042" ref="formcadastranovidades"/>
    <file name="u11097.png" crc="4152465733" ref="formcadastranovidades"/>
    <file name="u11097-a.png" crc="4152465733" ref="formcadastranovidades"/>
    <file name="caderno-u8927.png" crc="169269503" ref="formcadastranovidades"/>
    <file name="u9069.png" crc="3917998685" ref="formcadastranovidades"/>
    <file name="u9069-ferr.png" crc="408081922" ref="formcadastranovidades"/>
    <file name="u9073-fss.png" crc="3824908980" ref="formcadastranovidades"/>
    <file name="u9083-17.png" crc="357349790" ref="formcadastranovidades"/>
    <file name="u9083-17-r.png" crc="4165765878" ref="formcadastranovidades"/>
    <file name="u9083-17-m.png" crc="321083707" ref="formcadastranovidades"/>
    <file name="u9083-17-fs.png" crc="3892128920" ref="formcadastranovidades"/>
    <file name="u9081.png" crc="444164044" ref="formcadastranovidades"/>
    <file name="u9081-ferr.png" crc="482794668" ref="formcadastranovidades"/>
    <file name="arrow-310611_960_720 (1)-crop-u9086.png" crc="267676796" ref="formcadastranovidades"/>
    <file name="pencil-23648_960_720-u8923.png" crc="182261134" ref="formcadastranovidades"/>
    <file name="bagulho1-u8877.png" crc="4117453943" ref="formcadastranovidades"/>
    <file name="u8879-5.png" crc="177524485" ref="formcadastranovidades"/>
    <file name="p993518-u8931.png" crc="349082460" ref="formcadastranovidades"/>
    <file name="paper10-u8929.png" crc="4126144712" ref="formcadastranovidades"/>
    <file name="paper10-u9189.png" crc="4029011750" ref="formcadastrajogos"/>
    <file name="u9138.png" crc="509067015" ref="formcadastrajogos"/>
    <file name="u9138-a.png" crc="509067015" ref="formcadastrajogos"/>
    <file name="u12041.png" crc="124296063" ref="formcadastrajogos"/>
    <file name="u12041-a.png" crc="124296063" ref="formcadastrajogos"/>
    <file name="u9171.png" crc="4043155902" ref="formcadastrajogos"/>
    <file name="u9171-a.png" crc="4043155902" ref="formcadastrajogos"/>
    <file name="u11044.png" crc="4193016315" ref="formcadastrajogos"/>
    <file name="u11044-a.png" crc="4193016315" ref="formcadastrajogos"/>
    <file name="u11380.png" crc="8174169" ref="formcadastrajogos"/>
    <file name="u11380-a.png" crc="8174169" ref="formcadastrajogos"/>
    <file name="u10889.png" crc="4014744042" ref="formcadastrajogos"/>
    <file name="u10889-a.png" crc="4014744042" ref="formcadastrajogos"/>
    <file name="u11116.png" crc="4152465733" ref="formcadastrajogos"/>
    <file name="u11116-a.png" crc="4152465733" ref="formcadastrajogos"/>
    <file name="caderno-u9178.png" crc="169269503" ref="formcadastrajogos"/>
    <file name="arrow-310611_960_720 (1)-crop-u9185.png" crc="267676796" ref="formcadastrajogos"/>
    <file name="u9217.png" crc="251055855" ref="formcadastrajogos"/>
    <file name="u9217-ferr.png" crc="24022436" ref="formcadastrajogos"/>
    <file name="u9228.png" crc="4082527617" ref="formcadastrajogos"/>
    <file name="u9228-ferr.png" crc="3931973009" ref="formcadastrajogos"/>
    <file name="u9230-fss.png" crc="3824908980" ref="formcadastrajogos"/>
    <file name="u9231-17.png" crc="357349790" ref="formcadastrajogos"/>
    <file name="u9231-17-r.png" crc="4165765878" ref="formcadastrajogos"/>
    <file name="u9231-17-m.png" crc="321083707" ref="formcadastrajogos"/>
    <file name="u9231-17-fs.png" crc="3892128920" ref="formcadastrajogos"/>
    <file name="u9224.png" crc="280001596" ref="formcadastrajogos"/>
    <file name="u9224-ferr.png" crc="3911265113" ref="formcadastrajogos"/>
    <file name="u10772.png" crc="200351514" ref="formcadastrajogos"/>
    <file name="u10772-ferr.png" crc="424933955" ref="formcadastrajogos"/>
    <file name="u10776.png" crc="4223496799" ref="formcadastrajogos"/>
    <file name="u10776-ferr.png" crc="22186928" ref="formcadastrajogos"/>
    <file name="radiobuttonunchecked.png" crc="232010369" ref="formcadastrajogos"/>
    <file name="radiobuttonuncheckedrollover.png" crc="173297973" ref="formcadastrajogos"/>
    <file name="radiobuttonuncheckedmousedown.png" crc="210422217" ref="formcadastrajogos"/>
    <file name="radiobuttonchecked.png" crc="424951658" ref="formcadastrajogos"/>
    <file name="radiobuttoncheckedrollover.png" crc="135556972" ref="formcadastrajogos"/>
    <file name="radiobuttoncheckedmousedown.png" crc="475385202" ref="formcadastrajogos"/>
    <file name="u10809.png" crc="3792936541" ref="formcadastrajogos"/>
    <file name="u10809-ferr.png" crc="35739318" ref="formcadastrajogos"/>
    <file name="u10817.png" crc="4274902976" ref="formcadastrajogos"/>
    <file name="u10817-ferr.png" crc="3800094009" ref="formcadastrajogos"/>
    <file name="u10820.png" crc="474814875" ref="formcadastrajogos"/>
    <file name="u10820-ferr.png" crc="492328159" ref="formcadastrajogos"/>
    <file name="pencil-23648_960_720-u9191.png" crc="132998101" ref="formcadastrajogos"/>
    <file name="4-u11212.png" crc="3919767456" ref="formcadastrajogos"/>
    <file name="u11215-4.png" crc="3818974898" ref="formcadastrajogos"/>
    <file name="p993518-u9187.png" crc="3762035295" ref="formcadastrajogos"/>
    <file name="paper10-u9193.png" crc="4126144712" ref="formcadastrajogos"/>
    <file name="caderno-u9347.png" crc="169269503" ref="jogos"/>
    <file name="u10733-5.png" crc="432505053" ref="jogos"/>
    <file name="paper10-u12405.png" crc="4233365708" ref="jogos"/>
    <file name="u12438.png" crc="509067015" ref="jogos"/>
    <file name="u12438-a.png" crc="509067015" ref="jogos"/>
    <file name="u12420.png" crc="124296063" ref="jogos"/>
    <file name="u12420-a.png" crc="124296063" ref="jogos"/>
    <file name="u12425.png" crc="4043155902" ref="jogos"/>
    <file name="u12425-a.png" crc="4043155902" ref="jogos"/>
    <file name="u12446-4-a.png" crc="4193016315" ref="jogos"/>
    <file name="u12413.png" crc="8174169" ref="jogos"/>
    <file name="u12413-a.png" crc="8174169" ref="jogos"/>
    <file name="u12453.png" crc="4014744042" ref="jogos"/>
    <file name="u12453-a.png" crc="4014744042" ref="jogos"/>
    <file name="u12431.png" crc="4152465733" ref="jogos"/>
    <file name="u12431-a.png" crc="4152465733" ref="jogos"/>
    <file name="pencil-23648_960_720-u9281.png" crc="4056792617" ref="jogos"/>
    <file name="4-u11237.png" crc="3919767456" ref="jogos"/>
    <file name="u11239-4.png" crc="3818974898" ref="jogos"/>
    <file name="p993518-u9349.png" crc="349082460" ref="jogos"/>
    <file name="paper10-u9345.png" crc="4126144712" ref="jogos"/>
    <file name="caderno-u9885.png" crc="169269503" ref="sobre-nós"/>
    <file name="u9828.png" crc="3840460850" ref="sobre-nós"/>
    <file name="u9828-ferr.png" crc="298104925" ref="sobre-nós"/>
    <file name="u9835.png" crc="3896518981" ref="sobre-nós"/>
    <file name="u9835-ferr.png" crc="4179009893" ref="sobre-nós"/>
    <file name="u9831-fss.png" crc="3824908980" ref="sobre-nós"/>
    <file name="u9832-17.png" crc="454883060" ref="sobre-nós"/>
    <file name="u9832-17-r.png" crc="490691868" ref="sobre-nós"/>
    <file name="u9832-17-m.png" crc="3827648004" ref="sobre-nós"/>
    <file name="u9832-17-fs.png" crc="170502389" ref="sobre-nós"/>
    <file name="u9840.png" crc="3852755350" ref="sobre-nós"/>
    <file name="u9840-ferr.png" crc="301420237" ref="sobre-nós"/>
    <file name="paper10-u12287.png" crc="4233365708" ref="sobre-nós"/>
    <file name="u12320.png" crc="509067015" ref="sobre-nós"/>
    <file name="u12320-a.png" crc="509067015" ref="sobre-nós"/>
    <file name="u12302.png" crc="124296063" ref="sobre-nós"/>
    <file name="u12302-a.png" crc="124296063" ref="sobre-nós"/>
    <file name="u12307.png" crc="4043155902" ref="sobre-nós"/>
    <file name="u12307-a.png" crc="4043155902" ref="sobre-nós"/>
    <file name="u12328.png" crc="4193016315" ref="sobre-nós"/>
    <file name="u12328-a.png" crc="4193016315" ref="sobre-nós"/>
    <file name="u12295.png" crc="8174169" ref="sobre-nós"/>
    <file name="u12295-a.png" crc="8174169" ref="sobre-nós"/>
    <file name="u12335-4-a.png" crc="4014744042" ref="sobre-nós"/>
    <file name="u12313.png" crc="4152465733" ref="sobre-nós"/>
    <file name="u12313-a.png" crc="4152465733" ref="sobre-nós"/>
    <file name="pencil-23648_960_720-u9819.png" crc="4271384607" ref="sobre-nós"/>
    <file name="2-u10676.png" crc="271720301" ref="sobre-nós"/>
    <file name="u10678-6.png" crc="268910524" ref="sobre-nós"/>
    <file name="p993518-u9887.png" crc="3912205848" ref="sobre-nós"/>
    <file name="paper10-u9883.png" crc="4126144712" ref="sobre-nós"/>
    <file name="paper10-u10308.png" crc="255763251" ref="formcadastrapersonagens"/>
    <file name="u10258.png" crc="509067015" ref="formcadastrapersonagens"/>
    <file name="u10258-a.png" crc="509067015" ref="formcadastrapersonagens"/>
    <file name="u12058.png" crc="124296063" ref="formcadastrapersonagens"/>
    <file name="u12058-a.png" crc="124296063" ref="formcadastrapersonagens"/>
    <file name="u10285.png" crc="4043155902" ref="formcadastrapersonagens"/>
    <file name="u10285-a.png" crc="4043155902" ref="formcadastrapersonagens"/>
    <file name="u11065.png" crc="4193016315" ref="formcadastrapersonagens"/>
    <file name="u11065-a.png" crc="4193016315" ref="formcadastrapersonagens"/>
    <file name="u11354.png" crc="8174169" ref="formcadastrapersonagens"/>
    <file name="u11354-a.png" crc="8174169" ref="formcadastrapersonagens"/>
    <file name="u10910.png" crc="4014744042" ref="formcadastrapersonagens"/>
    <file name="u10910-a.png" crc="4014744042" ref="formcadastrapersonagens"/>
    <file name="u11138.png" crc="4152465733" ref="formcadastrapersonagens"/>
    <file name="u11138-a.png" crc="4152465733" ref="formcadastrapersonagens"/>
    <file name="caderno-u10306.png" crc="169269503" ref="formcadastrapersonagens"/>
    <file name="u10299.png" crc="3990866292" ref="formcadastrapersonagens"/>
    <file name="u10299-ferr.png" crc="89016521" ref="formcadastrapersonagens"/>
    <file name="u10295-fss.png" crc="3824908980" ref="formcadastrapersonagens"/>
    <file name="u10297-17.png" crc="357349790" ref="formcadastrapersonagens"/>
    <file name="u10297-17-r.png" crc="4165765878" ref="formcadastrapersonagens"/>
    <file name="u10297-17-m.png" crc="321083707" ref="formcadastrapersonagens"/>
    <file name="u10297-17-fs.png" crc="3892128920" ref="formcadastrapersonagens"/>
    <file name="u10304.png" crc="4100590934" ref="formcadastrapersonagens"/>
    <file name="u10304-ferr.png" crc="310109854" ref="formcadastrapersonagens"/>
    <file name="u11913.png" crc="222885695" ref="formcadastrapersonagens"/>
    <file name="u11913-ferr.png" crc="4081985140" ref="formcadastrapersonagens"/>
    <file name="arrow-310611_960_720 (1)-crop-u11257.png" crc="267676796" ref="formcadastrapersonagens"/>
    <file name="pencil-23648_960_720-u10694.png" crc="111328808" ref="formcadastrapersonagens"/>
    <file name="3-u10692.png" crc="107397301" ref="formcadastrapersonagens"/>
    <file name="u10696-4.png" crc="3809826075" ref="formcadastrapersonagens"/>
    <file name="p993518-u10314.png" crc="349082460" ref="formcadastrapersonagens"/>
    <file name="paper10-u10244.png" crc="4126144712" ref="formcadastrapersonagens"/>
    <file name="paper10-u10376.png" crc="423727714" ref="compras"/>
    <file name="u10351.png" crc="509067015" ref="compras"/>
    <file name="u10351-a.png" crc="509067015" ref="compras"/>
    <file name="u12035.png" crc="124296063" ref="compras"/>
    <file name="u12035-a.png" crc="124296063" ref="compras"/>
    <file name="u10365.png" crc="4043155902" ref="compras"/>
    <file name="u10365-a.png" crc="4043155902" ref="compras"/>
    <file name="u11074.png" crc="4193016315" ref="compras"/>
    <file name="u11074-a.png" crc="4193016315" ref="compras"/>
    <file name="u11358.png" crc="8174169" ref="compras"/>
    <file name="u11358-a.png" crc="8174169" ref="compras"/>
    <file name="u10919.png" crc="4014744042" ref="compras"/>
    <file name="u10919-a.png" crc="4014744042" ref="compras"/>
    <file name="u11146-4-a.png" crc="4152465733" ref="compras"/>
    <file name="caderno-u10374.png" crc="169269503" ref="compras"/>
    <file name="u10734-5.png" crc="432505053" ref="compras"/>
    <file name="pencil-23648_960_720-u10378.png" crc="3954971015" ref="compras"/>
    <file name="bagulho2-u10735.png" crc="97008873" ref="compras"/>
    <file name="u10331-4.png" crc="3984344500" ref="compras"/>
    <file name="p993518-u10382.png" crc="349082460" ref="compras"/>
    <file name="paper10-u10372.png" crc="4126144712" ref="compras"/>
    <file name="paper10-u10577.png" crc="3997485769" ref="formcadastracompras"/>
    <file name="u10586.png" crc="509067015" ref="formcadastracompras"/>
    <file name="u10586-a.png" crc="509067015" ref="formcadastracompras"/>
    <file name="u12006.png" crc="124296063" ref="formcadastracompras"/>
    <file name="u12006-a.png" crc="124296063" ref="formcadastracompras"/>
    <file name="u10617.png" crc="4043155902" ref="formcadastracompras"/>
    <file name="u10617-a.png" crc="4043155902" ref="formcadastracompras"/>
    <file name="u11032.png" crc="4193016315" ref="formcadastracompras"/>
    <file name="u11032-a.png" crc="4193016315" ref="formcadastracompras"/>
    <file name="u11396.png" crc="8174169" ref="formcadastracompras"/>
    <file name="u11396-a.png" crc="8174169" ref="formcadastracompras"/>
    <file name="u10877.png" crc="4014744042" ref="formcadastracompras"/>
    <file name="u10877-a.png" crc="4014744042" ref="formcadastracompras"/>
    <file name="u11104.png" crc="4152465733" ref="formcadastracompras"/>
    <file name="u11104-a.png" crc="4152465733" ref="formcadastracompras"/>
    <file name="logo mais novo que tudo23-u10575.png" crc="4045909869" ref="formcadastracompras"/>
    <file name="caderno-u10553.png" crc="169269503" ref="formcadastracompras"/>
    <file name="arrow-310611_960_720 (1)-crop-u10551.png" crc="267676796" ref="formcadastracompras"/>
    <file name="u10564.png" crc="3776333658" ref="formcadastracompras"/>
    <file name="u10564-ferr.png" crc="309833277" ref="formcadastracompras"/>
    <file name="u10562.png" crc="233248601" ref="formcadastracompras"/>
    <file name="u10562-ferr.png" crc="214939014" ref="formcadastracompras"/>
    <file name="u10569-fss.png" crc="3824908980" ref="formcadastracompras"/>
    <file name="u10568-17.png" crc="357349790" ref="formcadastracompras"/>
    <file name="u10568-17-r.png" crc="4165765878" ref="formcadastracompras"/>
    <file name="u10568-17-m.png" crc="321083707" ref="formcadastracompras"/>
    <file name="u10568-17-fs.png" crc="3892128920" ref="formcadastracompras"/>
    <file name="u10572.png" crc="444164044" ref="formcadastracompras"/>
    <file name="u10572-ferr.png" crc="482794668" ref="formcadastracompras"/>
    <file name="pencil-23648_960_720-u10621.png" crc="267396980" ref="formcadastracompras"/>
    <file name="bagulho2-u10751.png" crc="97008873" ref="formcadastracompras"/>
    <file name="u10753-4.png" crc="3984344500" ref="formcadastracompras"/>
    <file name="p993518-u10579.png" crc="349082460" ref="formcadastracompras"/>
    <file name="paper10-u10581.png" crc="4126144712" ref="formcadastracompras"/>
    <file name="caderno-u11323.png" crc="169269503" ref="personagens"/>
    <file name="u11330-5.png" crc="432505053" ref="personagens"/>
    <file name="paper10-u12346.png" crc="4233365708" ref="personagens"/>
    <file name="u12379.png" crc="509067015" ref="personagens"/>
    <file name="u12379-a.png" crc="509067015" ref="personagens"/>
    <file name="u12361.png" crc="124296063" ref="personagens"/>
    <file name="u12361-a.png" crc="124296063" ref="personagens"/>
    <file name="u12366.png" crc="4043155902" ref="personagens"/>
    <file name="u12366-a.png" crc="4043155902" ref="personagens"/>
    <file name="u12387.png" crc="4193016315" ref="personagens"/>
    <file name="u12387-a.png" crc="4193016315" ref="personagens"/>
    <file name="u12354-4-a.png" crc="8174169" ref="personagens"/>
    <file name="u12394.png" crc="4014744042" ref="personagens"/>
    <file name="u12394-a.png" crc="4014744042" ref="personagens"/>
    <file name="u12372.png" crc="4152465733" ref="personagens"/>
    <file name="u12372-a.png" crc="4152465733" ref="personagens"/>
    <file name="pencil-23648_960_720-u11316.png" crc="4195202547" ref="personagens"/>
    <file name="3-u11755.png" crc="403848463" ref="personagens"/>
    <file name="u11757-4.png" crc="3809826075" ref="personagens"/>
    <file name="p993518-u11318.png" crc="349082460" ref="personagens"/>
    <file name="paper10-u11271.png" crc="4126144712" ref="personagens"/>
    <file name="caderno-u11929.png" crc="169269503" ref="usuários"/>
    <file name="u11931-4.png" crc="405012893" ref="usuários"/>
    <file name="paper10-u12226.png" crc="4233365708" ref="usuários"/>
    <file name="u12259.png" crc="509067015" ref="usuários"/>
    <file name="u12259-a.png" crc="509067015" ref="usuários"/>
    <file name="u12241-4-a.png" crc="124296063" ref="usuários"/>
    <file name="u12246.png" crc="4043155902" ref="usuários"/>
    <file name="u12246-a.png" crc="4043155902" ref="usuários"/>
    <file name="u12267.png" crc="4193016315" ref="usuários"/>
    <file name="u12267-a.png" crc="4193016315" ref="usuários"/>
    <file name="u12234.png" crc="8174169" ref="usuários"/>
    <file name="u12234-a.png" crc="8174169" ref="usuários"/>
    <file name="u12274.png" crc="4014744042" ref="usuários"/>
    <file name="u12274-a.png" crc="4014744042" ref="usuários"/>
    <file name="u12252.png" crc="4152465733" ref="usuários"/>
    <file name="u12252-a.png" crc="4152465733" ref="usuários"/>
    <file name="pencil-23648_960_720-u11984.png" crc="4166071693" ref="usuários"/>
    <file name="bagulho1-u11977.png" crc="4117453943" ref="usuários"/>
    <file name="u11983-4.png" crc="3859655023" ref="usuários"/>
    <file name="p993518-u11932.png" crc="349082460" ref="usuários"/>
    <file name="paper10-u11927.png" crc="4126144712" ref="usuários"/>
  </folder>
  <file name="novidades.html" crc="3901461935" seo="true" mt="1478114208506" redirect="true"/>
  <file name="index.html" crc="3774720403" seo="true" mt="1477663972244" redirect="true"/>
  <file name="formcadastranovidades.html" crc="155333329" seo="true" mt="1478114227678" redirect="true"/>
  <file name="formcadastrajogos.html" crc="3786761158" seo="true" mt="1478114241643" redirect="true"/>
  <file name="jogos.html" crc="4009026474" seo="true" mt="1478141025623" redirect="true"/>
  <file name="sobre-nós.html" crc="59536791" seo="true" mt="1478141108277" redirect="true"/>
  <file name="formcadastrapersonagens.html" crc="3791888403" seo="true" mt="1478135327618" redirect="true"/>
  <file name="compras.html" crc="39015736" seo="true" mt="1478136422307" redirect="true"/>
  <file name="formcadastracompras.html" crc="47090183" seo="true" mt="1478136442607" redirect="true"/>
  <file name="personagens.html" crc="486736354" seo="true" mt="1478140971504" redirect="true"/>
  <file name="usuários.html" crc="11744034" seo="true" mt="1478140728166" redirect="true"/>
</manifest>