﻿<?xml version="1.0" encoding="utf-8" ?>
<c2eventsheet>
    <!--All the 'name' attributes are ignored by Construct 2 - they are there for readability only.-->
    <name>EvEntrada</name>
    <events>
        <event-block sid="986034289281246">
            <conditions>
                <condition id="-2" name="On start of layout" sid="552034823725604" type="System" />
            </conditions>
            <actions>
                <action id="0" name="Play" sid="160102127888441" type="Audio">
                    <param id="0" name="Audio file">Entrada</param>
                    <param id="2" name="Loop">0</param>
                    <param id="3" name="Volume">0</param>
                    <param id="1" name="Tag (optional)">&quot;&quot;</param>
                </action>
                <action id="6" name="Play" sid="875291162815307" type="Video" />
                <action id="3" name="Set muted" sid="537499598798901" type="Video">
                    <param id="0" name="Mode">1</param>
                </action>
            </actions>
        </event-block>
        <event-block sid="823915041372883">
            <conditions>
                <condition id="2" name="Has ended" sid="713718060873180" type="Video" />
            </conditions>
            <actions>
                <action id="-2" name="Go to layout" sid="377624497402003" type="System">
                    <param id="0" name="Layout">Jogo</param>
                </action>
            </actions>
        </event-block>
    </events>
</c2eventsheet>
