﻿<?xml version="1.0" encoding="utf-8" ?>
<c2eventsheet>
    <!--All the 'name' attributes are ignored by Construct 2 - they are there for readability only.-->
    <name>EvJogo</name>
    <events>
        <variable constant="0" name="Ovos" sid="542787026103207" static="0" type="number">0</variable>
        <event-group description="" sid="411391600063813" title="Movimento - Ação - Animação">
            <sub-events>
                <event-block sid="563350393987489">
                    <conditions>
                        <condition id="2" name="Key is down" sid="342504825025114" type="Keyboard">
                            <param id="0" name="Key">39 (Right arrow)</param>
                        </condition>
                    </conditions>
                    <actions>
                        <action id="-3" name="Set position" sid="949800374078868" type="Galinha">
                            <param id="0" name="X">Galinha.X+10</param>
                            <param id="1" name="Y">Galinha.Y</param>
                        </action>
                        <action id="7" name="Set mirrored" sid="834255177959519" type="Galinha">
                            <param id="0" name="State">0</param>
                        </action>
                        <action id="4" name="Set animation" sid="901462035484066" type="Galinha">
                            <param id="0" name="Animation">&quot;Andando&quot;</param>
                            <param id="1" name="From">1</param>
                        </action>
                    </actions>
                </event-block>
                <event-block sid="990430195113431">
                    <conditions>
                        <condition id="2" name="Key is down" sid="211394410047922" type="Keyboard">
                            <param id="0" name="Key">37 (Left arrow)</param>
                        </condition>
                    </conditions>
                    <actions>
                        <action id="-3" name="Set position" sid="195344417297614" type="Galinha">
                            <param id="0" name="X">Galinha.X-10</param>
                            <param id="1" name="Y">Galinha.Y</param>
                        </action>
                        <action id="7" name="Set mirrored" sid="712807469048562" type="Galinha">
                            <param id="0" name="State">1</param>
                        </action>
                        <action id="4" name="Set animation" sid="131116156290329" type="Galinha">
                            <param id="0" name="Animation">&quot;Andando&quot;</param>
                            <param id="1" name="From">1</param>
                        </action>
                    </actions>
                </event-block>
                <event-block sid="918150083425155">
                    <conditions>
                        <condition id="2" name="Key is down" sid="100936745963569" type="Keyboard">
                            <param id="0" name="Key">40 (Down arrow)</param>
                        </condition>
                    </conditions>
                    <actions>
                        <action id="-3" name="Set position" sid="131039991554186" type="Galinha">
                            <param id="0" name="X">Galinha.X</param>
                            <param id="1" name="Y">Galinha.Y+10</param>
                        </action>
                        <action id="4" name="Set animation" sid="828604491410847" type="Galinha">
                            <param id="0" name="Animation">&quot;Andando&quot;</param>
                            <param id="1" name="From">1</param>
                        </action>
                    </actions>
                </event-block>
                <event-block sid="334300531005634">
                    <conditions>
                        <condition id="2" name="Key is down" sid="886377898444088" type="Keyboard">
                            <param id="0" name="Key">38 (Up arrow)</param>
                        </condition>
                    </conditions>
                    <actions>
                        <action id="-3" name="Set position" sid="471444845030961" type="Galinha">
                            <param id="0" name="X">Galinha.X</param>
                            <param id="1" name="Y">Galinha.Y-10</param>
                        </action>
                        <action id="4" name="Set animation" sid="208341421103724" type="Galinha">
                            <param id="0" name="Animation">&quot;Andando&quot;</param>
                            <param id="1" name="From">1</param>
                        </action>
                    </actions>
                </event-block>
                <event-block sid="384696951243554">
                    <conditions>
                        <condition id="0" name="On key pressed" sid="458411094392195" type="Keyboard">
                            <param id="0" name="Key">32 (Space)</param>
                        </condition>
                    </conditions>
                    <actions>
                        <action id="-3" name="Create object" sid="236156889835693" type="System">
                            <param id="0" name="Object to create">Ovo</param>
                            <param id="1" name="Layer">0</param>
                            <param id="2" name="X">Galinha.X</param>
                            <param id="3" name="Y">Galinha.Y</param>
                        </action>
                        <action id="-2" name="Set Y" sid="617678529914927" type="Galinha">
                            <param id="0" name="Y">Galinha.Y-110</param>
                        </action>
                        <action id="-10" name="Add to" sid="848277893097452" type="System">
                            <param id="0" name="Variable">Ovos</param>
                            <param id="1" name="Value">1</param>
                        </action>
                        <action id="4" name="Set animation" sid="792717642154947" type="Galinha">
                            <param id="0" name="Animation">&quot;btnOvo&quot;</param>
                            <param id="1" name="From">1</param>
                        </action>
                        <action id="0" name="Play" sid="320601560065594" type="Audio">
                            <param id="0" name="Audio file">Peido</param>
                            <param id="2" name="Loop">0</param>
                            <param id="3" name="Volume">0</param>
                            <param id="1" name="Tag (optional)">&quot;&quot;</param>
                        </action>
                    </actions>
                </event-block>
                <comment>Animação</comment>
                <event-block sid="262754818695449">
                    <conditions>
                        <condition id="3" name="On key released" sid="322221802992250" type="Keyboard">
                            <param id="0" name="Key">39 (Right arrow)</param>
                        </condition>
                    </conditions>
                    <actions>
                        <action id="4" name="Set animation" sid="615796363710348" type="Galinha">
                            <param id="0" name="Animation">&quot;Parado&quot;</param>
                            <param id="1" name="From">1</param>
                        </action>
                        <action id="0" name="Play" sid="523518439655286" type="Audio">
                            <param id="0" name="Audio file">Cacarejo</param>
                            <param id="2" name="Loop">0</param>
                            <param id="3" name="Volume">0</param>
                            <param id="1" name="Tag (optional)">&quot;&quot;</param>
                        </action>
                    </actions>
                </event-block>
                <event-block sid="157681570396763">
                    <conditions>
                        <condition id="3" name="On key released" sid="621810095202026" type="Keyboard">
                            <param id="0" name="Key">37 (Left arrow)</param>
                        </condition>
                    </conditions>
                    <actions>
                        <action id="4" name="Set animation" sid="217759117761537" type="Galinha">
                            <param id="0" name="Animation">&quot;Parado&quot;</param>
                            <param id="1" name="From">1</param>
                        </action>
                        <action id="0" name="Play" sid="378157080571973" type="Audio">
                            <param id="0" name="Audio file">Cacarejo</param>
                            <param id="2" name="Loop">0</param>
                            <param id="3" name="Volume">0</param>
                            <param id="1" name="Tag (optional)">&quot;&quot;</param>
                        </action>
                    </actions>
                </event-block>
                <event-block sid="998085733645092">
                    <conditions>
                        <condition id="3" name="On key released" sid="228063439356187" type="Keyboard">
                            <param id="0" name="Key">40 (Down arrow)</param>
                        </condition>
                    </conditions>
                    <actions>
                        <action id="4" name="Set animation" sid="567428805634093" type="Galinha">
                            <param id="0" name="Animation">&quot;Parado&quot;</param>
                            <param id="1" name="From">1</param>
                        </action>
                        <action id="0" name="Play" sid="155710768329355" type="Audio">
                            <param id="0" name="Audio file">Cacarejo</param>
                            <param id="2" name="Loop">0</param>
                            <param id="3" name="Volume">0</param>
                            <param id="1" name="Tag (optional)">&quot;&quot;</param>
                        </action>
                    </actions>
                </event-block>
                <event-block sid="708635663494312">
                    <conditions>
                        <condition id="3" name="On key released" sid="789187724312042" type="Keyboard">
                            <param id="0" name="Key">38 (Up arrow)</param>
                        </condition>
                    </conditions>
                    <actions>
                        <action id="4" name="Set animation" sid="844826612195623" type="Galinha">
                            <param id="0" name="Animation">&quot;Parado&quot;</param>
                            <param id="1" name="From">1</param>
                        </action>
                        <action id="0" name="Play" sid="125957944273235" type="Audio">
                            <param id="0" name="Audio file">Cacarejo</param>
                            <param id="2" name="Loop">0</param>
                            <param id="3" name="Volume">0</param>
                            <param id="1" name="Tag (optional)">&quot;&quot;</param>
                        </action>
                    </actions>
                </event-block>
                <event-block sid="359962073162429">
                    <conditions>
                        <condition id="4" name="On finished" sid="867349978626305" type="Galinha">
                            <param id="0" name="Animation">&quot;Andando&quot;</param>
                        </condition>
                    </conditions>
                    <actions>
                        <action id="4" name="Set animation" sid="560172640410842" type="Galinha">
                            <param id="0" name="Animation">&quot;Parado&quot;</param>
                            <param id="1" name="From">1</param>
                        </action>
                        <action id="0" name="Play" sid="839152208395459" type="Audio">
                            <param id="0" name="Audio file">Cacarejo</param>
                            <param id="2" name="Loop">0</param>
                            <param id="3" name="Volume">0</param>
                            <param id="1" name="Tag (optional)">&quot;&quot;</param>
                        </action>
                    </actions>
                </event-block>
                <event-block sid="914492227191584">
                    <conditions>
                        <condition id="-6" name="Every X seconds" sid="726087855452823" type="System">
                            <param id="0" name="Interval (seconds)">5</param>
                        </condition>
                    </conditions>
                    <actions>
                        <action id="4" name="Set animation" sid="490317418703075" type="Ovo">
                            <param id="0" name="Animation">&quot;OvoRachando&quot;</param>
                            <param id="1" name="From">1</param>
                        </action>
                    </actions>
                </event-block>
                <event-block sid="494767110607060">
                    <conditions>
                        <condition id="-2" name="On start of layout" sid="392051240549195" type="System" />
                    </conditions>
                    <actions>
                        <action id="4" name="Set animation" sid="253876244266821" type="Galinha">
                            <param id="0" name="Animation">&quot;Parado&quot;</param>
                            <param id="1" name="From">1</param>
                        </action>
                    </actions>
                </event-block>
                <event-block sid="480442544963395">
                    <conditions>
                        <condition id="4" name="On finished" sid="179528876794983" type="Galinha">
                            <param id="0" name="Animation">&quot;btnOvo&quot;</param>
                        </condition>
                    </conditions>
                    <actions>
                        <action id="4" name="Set animation" sid="862620882388316" type="Galinha">
                            <param id="0" name="Animation">&quot;Parado&quot;</param>
                            <param id="1" name="From">1</param>
                        </action>
                    </actions>
                </event-block>
            </sub-events>
        </event-group>
        <event-block sid="644914611629295">
            <conditions>
                <condition id="-1" name="Every tick" sid="440957566424963" type="System" />
            </conditions>
            <actions>
                <action id="-25" name="Move to bottom" sid="611667980564164" type="Ovo" />
                <action id="0" name="Set text" sid="252678865525478" type="Text">
                    <param id="0" name="Text">Ovos</param>
                </action>
                <action id="-24" name="Move to top" sid="516239725690455" type="Ovo" />
            </actions>
        </event-block>
        <event-block sid="746006452855671">
            <conditions>
                <condition id="0" name="On collision with another object" sid="616228531857832" type="Galinha">
                    <param id="0" name="Object">Sprite4</param>
                </condition>
            </conditions>
            <actions>
                <action id="-3" name="Set position" sid="300634778456942" type="Galinha">
                    <param id="0" name="X">Galinha.X</param>
                    <param id="1" name="Y">Galinha.Y</param>
                </action>
            </actions>
        </event-block>
        <event-block sid="560772743201025">
            <conditions>
                <condition id="4" name="On finished" sid="183930177164808" type="Ovo">
                    <param id="0" name="Animation">&quot;OvoRachando&quot;</param>
                </condition>
            </conditions>
            <actions>
                <action id="-9" name="Destroy" sid="565696576596086" type="Ovo" />
                <action id="0" name="Spawn another object" sid="330691804026201" type="Ovo">
                    <param id="0" name="Object">Pintinho</param>
                    <param id="1" name="Layer">0</param>
                    <param id="2" name="Image point">0</param>
                </action>
                <action id="0" name="Play" sid="364173826304210" type="Audio">
                    <param id="0" name="Audio file">Cacarejo</param>
                    <param id="2" name="Loop">0</param>
                    <param id="3" name="Volume">0</param>
                    <param id="1" name="Tag (optional)">&quot;&quot;</param>
                </action>
            </actions>
        </event-block>
        <event-block sid="620893191867637">
            <conditions>
                <condition id="0" name="On collision with another object" sid="224215283464061" type="Galinha">
                    <param id="0" name="Object">Sprite3</param>
                </condition>
            </conditions>
            <actions>
                <action id="-3" name="Set position" sid="430437152523120" type="Galinha">
                    <param id="0" name="X">677</param>
                    <param id="1" name="Y">355</param>
                </action>
            </actions>
        </event-block>
    </events>
</c2eventsheet>
